customer_id,customer_name,city_id
1,Aarav Agarwal,BLR
2,Aarav Pandey,BLR
3,Aditi Gupta,BLR
4,Aditi Joshi,BLR
5,Aditi Reddy,BLR
6,Aditi Verma,BLR
7,Aditya Gupta,BLR
8,Aditya Malhotra,BLR
9,Aditya Sharma,BLR
10,Aditya Singh,BLR
11,Ananya Gupta,BLR
12,Ananya Kumar,BLR
13,Ananya Malhotra,BLR
14,Ananya Mehta,BLR
15,Arjun Agarwal,BLR
16,Arjun Malhotra,BLR
17,Arjun Pandey,BLR
18,Arjun Rao,BLR
19,Arjun Reddy,BLR
20,Arjun Singh,BLR
21,Aryan Desai,BLR
22,Aryan Malhotra,BLR
23,Aryan Patel,BLR
24,Aryan Sharma,BLR
25,Aryan Singh,BLR
26,Dhruv Agarwal,BLR
27,Dhruv Kumar,BLR
28,Dhruv Malhotra,BLR
29,Dhruv Mehta,BLR
30,Dhruv Singh,BLR
31,Dhruv Verma,BLR
32,Diya Desai,BLR
33,Diya Joshi,BLR
34,Diya Kapoor,BLR
35,Diya Reddy,BLR
36,Diya Sinha,BLR
37,Isha Rao,BLR
38,Isha Shukla,BLR
39,Ishita Agarwal,BLR
40,Aarav Chopra,CHN
41,Aarav Kapoor,CHN
42,Aarav Mishra,CHN
43,Aarav Nair,CHN
44,Aarav Rao,CHN
45,Aarav Sharma,CHN
46,Aarav Singh,CHN
47,Aarav Verma,CHN
48,Aditi Kapoor,CHN
49,Aditi Malhotra,CHN
50,Aditi Nair,CHN
51,Aditi Patel,CHN
52,Aditi Rao,CHN
53,Aditi Shukla,CHN
54,Aditi Sinha,CHN
55,Aditya Agarwal,CHN
56,Aditya Reddy,CHN
57,Aditya Shukla,CHN
58,Ananya Chopra,CHN
59,Ananya Desai,CHN
60,Ananya Pandey,CHN
61,Ananya Reddy,CHN
62,Ananya Sharma,CHN
63,Ananya Shukla,CHN
64,Ananya Singh,CHN
65,Arjun Mishra,CHN
66,Arjun Sinha,CHN
67,Aryan Kumar,CHN
68,Aryan Mishra,CHN
69,Aryan Nair,CHN
70,Aryan Reddy,CHN
71,Dhruv Nair,CHN
72,Diya Agarwal,CHN
73,Diya Rao,CHN
74,Diya Shukla,CHN
75,Isha Agarwal,CHN
76,Isha Chopra,CHN
77,Isha Desai,CHN
78,Isha Kapoor,CHN
79,Isha Malhotra,CHN
80,Isha Pandey,CHN
81,Isha Sharma,CHN
82,Aarav Malhotra,PNQ
83,Aarav Patel,PNQ
84,Aarav Sinha,PNQ
85,Aditi Mishra,PNQ
86,Aditya Desai,PNQ
87,Aditya Verma,PNQ
88,Ananya Kapoor,PNQ
89,Ananya Rao,PNQ
90,Arjun Joshi,PNQ
91,Arjun Kapoor,PNQ
92,Arjun Kumar,PNQ
93,Arjun Mehta,PNQ
94,Arjun Patel,PNQ
95,Arjun Sharma,PNQ
96,Arjun Shukla,PNQ
97,Aryan Shukla,PNQ
98,Aryan Sinha,PNQ
99,Dhruv Patel,PNQ
100,Dhruv Shukla,PNQ
101,Dhruv Sinha,PNQ
102,Diya Chopra,PNQ
103,Diya Malhotra,PNQ
104,Diya Mishra,PNQ
105,Diya Pandey,PNQ
106,Isha Joshi,PNQ
107,Isha Nair,PNQ
108,Isha Singh,PNQ
109,Ishita Kapoor,PNQ
110,Ishita Reddy,PNQ
111,Kiara Agarwal,PNQ
112,Krishna Sharma,PNQ
113,Mira Agarwal,PNQ
114,Mira Chopra,PNQ
115,Mira Kumar,PNQ
116,Mira Patel,PNQ
117,Mira Sharma,PNQ
118,Riya Kumar,PNQ
119,Riya Singh,PNQ
120,Rudra Nair,PNQ
121,Rudra Rao,PNQ
122,Rudra Sharma,PNQ
123,Vihaan Verma,PNQ
124,Vivaan Desai,PNQ
125,Vivaan Singh,PNQ
126,Vivaan Sinha,PNQ
127,Krishna Kumar,PNQ
128,Mira Nair,PNQ
129,Aditi Gupta,PNQ
130,Ayaan Patel,PNQ
131,Meera Shah,PNQ
132,Veer Kapoor,PNQ
133,Abhay Singh,PNQ
134,Aarav Joshi,JAI
135,Aarav Kumar,JAI
136,Aarav Reddy,JAI
137,Aditi Desai,JAI
138,Aditi Mehta,JAI
139,Aditi Pandey,JAI
140,Aditya Kapoor,JAI
141,Aditya Kumar,JAI
142,Aditya Mehta,JAI
143,Aditya Mishra,JAI
144,Aditya Pandey,JAI
145,Aditya Patel,JAI
146,Aditya Rao,JAI
147,Arjun Desai,JAI
148,Arjun Gupta,JAI
149,Arjun Nair,JAI
150,Arjun Verma,JAI
151,Aryan Agarwal,JAI
152,Aryan Chopra,JAI
153,Aryan Joshi,JAI
154,Aryan Kapoor,JAI
155,Dhruv Chopra,JAI
156,Dhruv Desai,JAI
157,Dhruv Joshi,JAI
158,Dhruv Kapoor,JAI
159,Dhruv Mishra,JAI
160,Dhruv Pandey,JAI
161,Dhruv Rao,JAI
162,Diya Kumar,JAI
163,Diya Mehta,JAI
164,Diya Nair,JAI
165,Diya Patel,JAI
166,Diya Sharma,JAI
167,Diya Verma,JAI
168,Isha Gupta,JAI
169,Isha Kumar,JAI
170,Isha Mehta,JAI
171,Isha Patel,JAI
172,Isha Reddy,JAI
173,Ishita Gupta,JAI
174,Ishita Kumar,JAI
175,Ishita Malhotra,JAI
176,Ishita Mishra,JAI
177,Krishna Agarwal,JAI
178,Krishna Mishra,JAI
179,Krishna Patel,JAI
180,Mira Gupta,JAI
181,Mira Nair,JAI
182,Mira Verma,JAI
183,Navya Rao,JAI
184,Riya Rao,JAI
185,Riya Shukla,JAI
186,Rudra Agarwal,JAI
187,Rudra Malhotra,JAI
188,Rudra Reddy,JAI
189,Saanvi Chopra,JAI
190,Saanvi Joshi,JAI
191,Saanvi Kumar,JAI
192,Shaurya Pandey,JAI
193,Vihaan Reddy,JAI
194,Vivaan Pandey,JAI
195,Krishna Agarwal,JAI
196,Krishna Malhotra,JAI
197,Krishna Reddy,JAI
198,Mira Gupta,JAI
199,Mira Kumar,JAI
200,Tanvi Pillai,JAI
201,Uday Reddy,JAI
202,Arjun Gupta,JAI
203,Aarav Desai,DEL
204,Aarav Gupta,DEL
205,Aarav Mehta,DEL
206,Aarav Shukla,DEL
207,Aditi Agarwal,DEL
208,Aditi Chopra,DEL
209,Aditi Kumar,DEL
210,Aditi Sharma,DEL
211,Aditi Singh,DEL
212,Aditya Chopra,DEL
213,Aditya Joshi,DEL
214,Aditya Nair,DEL
215,Aditya Sinha,DEL
216,Ananya Agarwal,DEL
217,Ananya Joshi,DEL
218,Ananya Mishra,DEL
219,Ananya Nair,DEL
220,Ananya Patel,DEL
221,Ananya Sinha,DEL
222,Ananya Verma,DEL
223,Arjun Chopra,DEL
224,Aryan Gupta,DEL
225,Aryan Mehta,DEL
226,Aryan Pandey,DEL
227,Aryan Rao,DEL
228,Aryan Verma,DEL
229,Dhruv Gupta,DEL
230,Dhruv Reddy,DEL
231,Dhruv Sharma,DEL
232,Diya Gupta,DEL
233,Diya Singh,DEL
234,Isha Mishra,DEL
235,Isha Sinha,DEL
236,Isha Verma,DEL
237,Kiara Desai,DEL
238,Kiara Malhotra,DEL
239,Kiara Pandey,DEL
240,Krishna Malhotra,DEL
241,Krishna Sinha,DEL
242,Mira Joshi,DEL
243,Navya Agarwal,DEL
244,Navya Malhotra,DEL
245,Navya Mehta,DEL
246,Navya Mishra,DEL
247,Riya Agarwal,DEL
248,Riya Desai,DEL
249,Riya Verma,DEL
250,Rudra Joshi,DEL
251,Rudra Mehta,DEL
252,Saanvi Nair,DEL
253,Saanvi Reddy,DEL
254,Shaurya Gupta,DEL
255,Shaurya Malhotra,DEL
256,Vivaan Chopra,DEL
257,Vivaan Kapoor,DEL
258,Vivaan Rao,DEL
259,Vivaan Shukla,DEL
260,Kiara Sinha,DEL
261,Krishna Chopra,DEL
262,Krishna Desai,DEL
263,Krishna Mehta,DEL
264,Krishna Mishra,DEL
265,Navya Chopra,DEL
266,Navya Kapoor,DEL
267,Ishaan Kumar,DEL
268,Nikhil Jain,DEL
269,Tarun Joshi,DEL
270,Ayush Kumar,DEL
271,Ishita Sharma,BOM
272,Kiara Gupta,BOM
273,Kiara Sharma,BOM
274,Kiara Shukla,BOM
275,Mira Mehta,BOM
276,Mira Mishra,BOM
277,Mira Reddy,BOM
278,Rudra Singh,BOM
279,Saanvi Rao,BOM
280,Saanvi Sharma,BOM
281,Shaurya Chopra,BOM
282,Shaurya Singh,BOM
283,Vihaan Patel,BOM
284,Vihaan Shukla,BOM
285,Vivaan Gupta,BOM
286,Vivaan Patel,BOM
287,Vivaan Verma,BOM
288,Krishna Kapoor,BOM
289,Mira Agarwal,BOM
290,Mira Desai,BOM
291,Mira Joshi,BOM
292,Mira Mehta,BOM
293,Mira Reddy,BOM
294,Isha Nair,BOM
295,Madhav Sinha,BOM
296,Aashish Patil,BOM
297,Gauri Sharma,BOM
298,Ishita Pandey,HYD
299,Kiara Mishra,HYD
300,Kiara Verma,HYD
301,Navya Pandey,HYD
302,Navya Verma,HYD
303,Riya Joshi,HYD
304,Riya Reddy,HYD
305,Rudra Kumar,HYD
306,Rudra Verma,HYD
307,Saanvi Desai,HYD
308,Shaurya Kapoor,HYD
309,Shaurya Patel,HYD
310,Vihaan Agarwal,HYD
311,Vihaan Kapoor,HYD
312,Vihaan Mehta,HYD
313,Kiara Singh,HYD
314,Mira Chopra,HYD
315,Navya Kumar,HYD
316,Navya Pandey,HYD
317,Shruti Chatterjee,HYD
318,Aarohi Sen,HYD
319,Kiara Kapoor,AMD
320,Kiara Patel,AMD
321,Kiara Reddy,AMD
322,Krishna Desai,AMD
323,Krishna Kapoor,AMD
324,Mira Shukla,AMD
325,Navya Sinha,AMD
326,Riya Gupta,AMD
327,Riya Nair,AMD
328,Riya Sharma,AMD
329,Riya Sinha,AMD
330,Saanvi Patel,AMD
331,Saanvi Verma,AMD
332,Shaurya Joshi,AMD
333,Shaurya Mishra,AMD
334,Vihaan Nair,AMD
335,Krishna Joshi,AMD
336,Mira Kapoor,AMD
337,Mira Pandey,AMD
338,Navya Agarwal,AMD
339,Navya Gupta,AMD
340,Advait Mehta,AMD
341,Vidya Mishra,AMD
342,Ishita Nair,KOL
343,Ishita Shukla,KOL
344,Ishita Singh,KOL
345,Kiara Nair,KOL
346,Kiara Rao,KOL
347,Krishna Chopra,KOL
348,Krishna Gupta,KOL
349,Krishna Pandey,KOL
350,Mira Kapoor,KOL
351,Navya Singh,KOL
352,Riya Kapoor,KOL
353,Riya Malhotra,KOL
354,Riya Pandey,KOL
355,Rudra Chopra,KOL
356,Rudra Kapoor,KOL
357,Saanvi Gupta,KOL
358,Saanvi Pandey,KOL
359,Shaurya Rao,KOL
360,Shaurya Reddy,KOL
361,Shaurya Sharma,KOL
362,Vivaan Mehta,KOL
363,Vivaan Reddy,KOL
364,Vivaan Sharma,KOL
365,Kiara Verma,KOL
366,Krishna Patel,KOL
367,Mira Sharma,KOL
368,Dhruv Joshi,KOL
369,Aditi Rao,KOL
370,Ishita Joshi,STV
371,Krishna Rao,STV
372,Krishna Reddy,STV
373,Krishna Singh,STV
374,Navya Chopra,STV
375,Navya Joshi,STV
376,Navya Kumar,STV
377,Navya Reddy,STV
378,Navya Shukla,STV
379,Rudra Gupta,STV
380,Rudra Pandey,STV
381,Rudra Shukla,STV
382,Saanvi Kapoor,STV
383,Saanvi Mishra,STV
384,Saanvi Shukla,STV
385,Shaurya Mehta,STV
386,Vihaan Kumar,STV
387,Vihaan Mishra,STV
388,Vihaan Pandey,STV
389,Vivaan Agarwal,STV
390,Vivaan Nair,STV
391,Krishna Shukla,STV
392,Mira Malhotra,STV
393,Mira Patel,STV
394,Mira Rao,STV
395,Mira Sinha,STV
396,Trisha Sharma,STV
397,Ishita Chopra,LKO
398,Navya Desai,LKO
399,Navya Patel,LKO
400,Rudra Sinha,LKO
401,Saanvi Agarwal,LKO
402,Shaurya Agarwal,LKO
403,Shaurya Kumar,LKO
404,Shaurya Verma,LKO
405,Vihaan Chopra,LKO
406,Vihaan Malhotra,LKO
407,Vihaan Sharma,LKO
408,Vivaan Kumar,LKO
409,Krishna Singh,LKO
410,Krishna Sinha,LKO
411,Navya Desai,LKO
412,Kiara Malhotra,LKO
413,Krishna Raghavan,LKO
414,Raghav Rao,LKO
415,Samir Nair,LKO
416,Varun Gupta,LKO
417,Anika Joshi,LKO
418,Ishita Desai,KNU
419,Ishita Patel,KNU
420,Ishita Rao,KNU
421,Ishita Sinha,KNU
422,Ishita Verma,KNU
423,Kiara Chopra,KNU
424,Kiara Singh,KNU
425,Kiara Sinha,KNU
426,Mira Desai,KNU
427,Mira Pandey,KNU
428,Mira Rao,KNU
429,Navya Gupta,KNU
430,Riya Patel,KNU
431,Rudra Desai,KNU
432,Rudra Mishra,KNU
433,Rudra Patel,KNU
434,Saanvi Malhotra,KNU
435,Shaurya Desai,KNU
436,Shaurya Shukla,KNU
437,Vihaan Rao,KNU
438,Vihaan Sinha,KNU
439,Krishna Rao,KNU
440,Krishna Verma,KNU
441,Mira Singh,KNU
442,Mira Verma,KNU
443,Navya Joshi,KNU
444,Navya Mishra,KNU
445,Navya Nair,KNU
446,Ananya Singh,KNU
447,Diya Verma,KNU
448,Lakshmi Desai,KNU
449,Riya Kapoor,KNU
450,Shreya Bhatia,KNU
451,Devansh Mehta,KNU
452,Gaurav N,KNU
453,Kiara Joshi,NAG
454,Kiara Mehta,NAG
455,Krishna Joshi,NAG
456,Krishna Mehta,NAG
457,Krishna Nair,NAG
458,Krishna Verma,NAG
459,Mira Singh,NAG
460,Mira Sinha,NAG
461,Navya Kapoor,NAG
462,Riya Mehta,NAG
463,Riya Mishra,NAG
464,Saanvi Sinha,NAG
465,Shaurya Nair,NAG
466,Vihaan Gupta,NAG
467,Vihaan Joshi,NAG
468,Vihaan Singh,NAG
469,Vivaan Joshi,NAG
470,Krishna Nair,NAG
471,Mira Shukla,NAG
472,Navya Malhotra,NAG
473,Navya Mehta,NAG
474,Aryan Reddy,NAG
475,Saanvi Malik,NAG
476,Amaya Singh,NAG
477,Ishita Mehta,IDR
478,Kiara Kumar,IDR
479,Krishna Kumar,IDR
480,Krishna Shukla,IDR
481,Mira Malhotra,IDR
482,Navya Nair,IDR
483,Navya Sharma,IDR
484,Riya Chopra,IDR
485,Saanvi Mehta,IDR
486,Saanvi Singh,IDR
487,Shaurya Sinha,IDR
488,Vihaan Desai,IDR
489,Vivaan Malhotra,IDR
490,Vivaan Mishra,IDR
491,Krishna Gupta,IDR
492,Krishna Pandey,IDR
493,Krishna Sharma,IDR
494,Mira Mishra,IDR
495,Aarav Sharma,IDR
496,Priya Chaudhary,IDR
497,Anushka Verma,IDR
